tokens,probas
▁coûts,0.00562551524490118
▁risques,0.005667560733854771
▁importations,0.0056962743401527405
▁précipitations,0.00782417319715023
▁énergies,0.010058737359941006
▁inégalités,0.011008301749825478
▁impacts,0.01128754485398531
▁ressources,0.01233761664479971
▁températures,0.01626107096672058
▁émissions,0.7997864484786987
