tokens,probas
▁Climat,0.014277792535722256
▁mouvement,0.015331602655351162
▁carbone,0.01853502355515957
▁progrès,0.024227797985076904
▁pétrole,0.025030100718140602
▁numérique,0.046667445451021194
▁recyclage,0.052406106144189835
▁développement,0.060738541185855865
▁climat,0.07262861728668213
▁nucléaire,0.10533343255519867
