tokens,probas
▁déchets,0.016626693308353424
▁pratiques,0.01667061075568199
▁solutions,0.017314881086349487
▁actions,0.021047335118055344
▁ressources,0.02186192199587822
▁économies,0.02565341256558895
▁innovations,0.026157034561038017
▁renouvelables,0.06406821310520172
▁technologies,0.0729551911354065
▁énergies,0.17744748294353485
