tokens,probas
▁alternatives,0.008590593002736568
▁TIC,0.009634900838136673
▁ressources,0.010366632603108883
▁hydrocarbures,0.013164940290153027
▁solutions,0.014103123918175697
▁innovations,0.01854000985622406
▁économies,0.03601675108075142
▁technologies,0.10830852389335632
▁renouvelables,0.13270314037799835
▁énergies,0.33624571561813354
